{
  "best_accuracy": 0.8823323583816937,
  "best_epoch": 30,
  "config": {
    "batch_size": 32,
    "epochs": 30,
    "learning_rate": 0.00002
  },
  "epochs_completed": 30,
  "final_accuracy": 0.8823323583816937,
  "final_loss": 0.16796793410379826,
  "hard_negative_ratio": 0.20510805500982318,
  "triplet_count": 2545
}